,,Mean,SD,Mean_end,SD_end
3,1,0.926171151094514,0.18046482181156442,0.9171834457862396,0.0028747440722251237
3,2,0.9254560402077003,0.1755446971130225,0.9171324284695556,0.002873797552538094
3,4,1.0912864302817176,1.1560805691231368,0.9131618156062186,0.0020054861212538545
3,5,0.9751943627517431,0.44903050668254163,0.9116941607546781,0.002424788893534002
3,6,0.9058348410568862,0.1678852714556122,0.9054570814077608,0.0026223891643524836
3,7,0.8993108484775693,0.1140492322836972,0.9062652264584172,0.0028207376265057186
3,8,0.8990705360211481,0.1122071404064044,0.9060307894811411,0.002684566272540957
3,9,1.0657534256986982,0.9448272336878183,0.9136492110319403,0.00198725616932669
3,10,0.887356650317879,0.07497543912943527,0.9036621022152094,0.0025800675705215464
3,11,0.981737249470772,1.0037664985388655,0.8954312492493031,0.0021136088060354505
3,12,0.972956546017593,0.20359841241357501,0.9153110871954878,0.002023327416580244
3,13,0.9729615362806653,0.2036293261431311,0.9153111796867583,0.0020233488483627216
3,14,0.8944539567047083,0.11451024134252588,0.9031656037424723,0.002715350435678661
3,15,0.9076712435124519,0.21049875227266757,0.9039308012766522,0.00271074192660522
3,16,0.8946406252341615,0.09702705681365274,0.9078486095941302,0.002254120269873281
3,17,0.900693997550604,0.15226711240703586,0.9032968854882077,0.002690827272179695
3,22,0.9137614510705654,0.2553335214914635,0.9077767211977903,0.003565177835297456
3,23,0.894482685915672,0.061636693683870585,0.903008505493965,0.002686565687988014
7,1,0.9106214611058069,0.24812593758325782,0.9032131524238495,0.0026912610073344416
7,2,0.8872321064970652,0.08628002513539414,0.9033778980783612,0.0027550518131282155
7,3,0.9018409954274275,0.15739098921372013,0.9067916552992767,0.002882840845872031
7,4,0.8977326028203808,0.1532120118251828,0.9040133030915825,0.0026099769873306673
7,5,0.8985888075899887,0.16257333881812785,0.9041437886850204,0.002680251560681627
7,6,0.8870634653821778,0.10932944748842781,0.9004007363191345,0.002525195115453335
7,8,0.8872015801284991,0.10842596535423227,0.9003941553603476,0.002517461391704931
7,9,0.8858733553368636,0.06682493348921184,0.9026331565914046,0.0027593717052090175
7,10,0.9548489414167943,0.5791845928685072,0.9067103540307397,0.003147059563026639
7,11,1.0441784112259893,1.1562994905117303,0.9154774750745205,0.0009988686475602324
7,12,0.8956271332254324,0.07969317438599617,0.9043720824247278,0.002571801158151289
7,13,0.9140056020326374,0.1811892251480594,0.9092237096805144,0.0021881502112143787
7,14,1.2471427866593303,3.389640863036393,0.9055563063971348,0.00279141067553267
7,15,0.9399439430667816,0.46702249336167023,0.9025552586770501,0.002928376510012099
7,16,0.8863726615209061,0.05047572586238565,0.8994392383285863,0.002412721760786758
7,17,0.8909028038052627,0.04006918243056574,0.9014519648195664,0.0025721273079485
7,18,0.9689684962464723,0.12945885882894012,0.9218800436483396,0.0017885363935244132
7,19,0.8830438804711068,0.20195195856660844,0.8901755152636767,0.03762461823517452
7,20,0.9217545044109501,0.23398655187594586,0.9224204922928511,0.0016405695248525051
7,21,0.9042785913802722,0.4465270700917673,0.8916791707592572,0.0039912984418515145
7,22,0.8714483089102826,0.07775365051279721,0.8982665050549261,0.004145609686048355
7,23,0.897198901216218,0.2050739633704898,0.9069338715705043,0.0019321218595649934
7,24,0.9034243845735297,0.24755045841714124,0.904388194179942,0.0028146739231803115
23,1,0.8895002781372523,0.056110279781024154,0.9022416366547495,0.0026028223976808686
23,3,0.8895954661261636,0.05769141906419782,0.9022945406992449,0.002634369951917567
23,4,0.9023374876697652,0.38071110430921906,0.9529596951506053,0.6680577284989638
23,5,0.9942587902056562,0.8843165050901575,1.112743335643055,1.3653412803846505
23,6,0.9024727688774342,0.3186720949480948,0.9571357341189191,0.5725375593116878
23,7,1.0031916722914778,1.078371274800737,0.9068980143509375,0.0018816369475712377
23,8,0.9014832148444812,0.18016998527550285,0.9078946958397462,0.0030959718400353285
23,9,0.8880142947929275,0.10159707719691674,0.9050557211477609,0.002083011863919204
23,10,0.8921383634430919,0.08446002585654636,0.9026026496914739,0.0015204162427841735
23,11,0.8863141673308607,0.07976555842455794,0.904425678536163,0.002799166464370217
23,12,0.8903858125397439,0.05365370799246538,0.9039764882623608,0.002743309752840246
23,13,0.8957265286764693,0.15101363444700913,0.8953842370336788,0.001921667931586662
23,14,0.8866019030068114,0.07961346107013384,0.9045455816811843,0.0027935024732122756
23,15,0.8983541917595962,0.152634505819353,0.9022318209009229,0.002093838347840483
23,16,0.8994857778864175,0.16280784225883024,0.903515198742657,0.0026686621045492035
23,17,0.8985855806604126,0.0983626676930244,0.9026842856423922,0.0019338505461214876
23,18,1.0322695798957728,1.3532063207038136,0.9071634782402662,0.001988341226257141
23,19,0.9177021741278066,0.34228092364713647,0.902761031545353,0.0022764343787797445
23,20,0.9864533783224747,0.9263927310339383,0.9065573168874006,0.0017331937266881563
23,21,1.1983037071740346,2.626505759488614,0.9066644874979358,0.0016047594474489953
23,22,1.5866781303706594,6.699867082091788,0.9004498090357352,0.003300821793225217
23,24,0.8860341233993,0.07860187152485973,0.902443023214571,0.002579541646957101
12,1,1.281451447371113,2.8424474110648323,0.915339820952004,0.002069812993325139
12,2,0.9266924379991537,0.17970030453657607,0.91710531196897,0.002862859368440445
12,3,0.9744589209781619,0.21294596286985418,0.9153255275215664,0.002020340051799285
12,4,0.9725155167658242,0.21660203043160078,0.9131246094079822,0.0019473530147942986
12,5,0.9675242477864073,0.18557036370397947,0.9131222347013429,0.001958056269836243
12,6,0.9090880817128816,0.1989262126679728,0.905687365865978,0.002767241184642918
12,7,0.8954316240817491,0.05356965417722612,0.9035389359587612,0.0022980424097064547
12,8,0.8931976173280269,0.07506029378774726,0.904120758707908,0.002092488784025487
12,9,0.8878388296198465,0.05109382930129343,0.9027990825569728,0.0028591150684524743
12,10,1.2728355489495975,3.5303986094397284,0.9029587193929067,0.0015511419833769335
12,11,0.9073836898228139,0.21673952622323486,0.9042928296364307,0.0025908195167292612
12,13,1.0120756962714377,0.3303217394135161,0.9333207309588514,0.0192133535706399
12,14,0.9096835129126792,0.2414138322348645,0.9021806666848811,0.00249145178852205
12,15,0.8893392170990433,0.043315153344468615,0.9015581735008833,0.002089316473965958
12,16,0.9043049332485362,0.22834731170725653,0.9082850371906294,0.0015103335151834172
12,17,0.8903444627682792,0.07468638411482276,0.9032293026288354,0.001973646337998854
12,18,0.9076913867177361,0.2471661361185747,0.9009559707155618,0.004659089661640529
12,19,0.89001706676927,0.10197129908291855,0.9015275932785901,0.0023197129730402914
12,20,0.8861947354655422,0.050211730438603296,0.9033418351878243,0.0027386671336693726
12,21,1.6863890509098307,7.301010012804355,0.9119534800015279,0.0012417526826304396
12,22,0.9113157577541037,0.2221123537837355,0.9035303723980345,0.0022874840142206314
12,23,0.9154698294517669,0.25526640470245376,0.9041986387472467,0.002751831269238157
12,24,0.8779146791371757,0.08123230923436583,0.8938345429296533,0.0020569690112435873
19,1,0.8926943363565749,0.04085849684430227,0.9031303656842546,0.0027579732300844514
19,2,0.9009778220886163,0.3030855280121658,0.9180016314811209,0.025886888188318257
19,4,0.8967072818124175,0.1725063271219284,0.9040684539435424,0.0026046587271989223
19,5,0.886374605615159,0.07933005117956234,0.9043409904518754,0.0028064435758455137
19,6,0.8996919763843406,0.28804288523043375,0.9179761871125988,0.025403898215218428
19,7,0.8861385824371112,0.09026802815900382,0.9283569157336982,0.001170373074743036
19,8,0.9791906781001793,1.0292586896191562,0.9533957353598452,0.015243280563271629
19,9,0.9313145442893292,0.1024303340837005,0.9094928693898885,0.0024169442094559086
19,10,0.8913899757291004,0.08724408649489673,0.9081943804523867,0.0024223676644110625
19,11,0.9169105207128999,0.32693156050303346,0.9015850336570458,0.001906390135561337
19,12,0.9026190110589211,0.17380052938191903,0.902122992134457,0.0024525235957630316
19,13,0.896310471628262,0.11382324036870328,0.9032482607073871,0.002058570644430951
19,14,2.151079410979378,9.901966389994454,1.5099161666170566,2.679619829922478
19,15,0.9488444984439175,0.5758704874039616,0.9228776905456723,0.0011205889152556292
19,16,0.9118473177298902,0.18122286281723185,0.8973900981614463,0.001512994724044374
19,17,1.0821214653427935,1.851865568240082,0.9027306136396619,0.0028192029798534083
19,18,0.9670247460163701,0.8820213434883022,0.9256855117157528,0.0019795393691915044
19,20,1.1348357587089803,2.3617228860245167,0.9018702383237216,0.002598248858328104
19,21,1.0647006233074545,1.1157217096775496,0.9024695427236414,0.0018156681989721234
19,22,0.9798371692074312,0.9013250205149426,0.9044158150481142,0.001020754085695638
19,23,0.9155614263808005,0.26639099368869446,0.9017815362901007,0.002335133753103681
19,24,0.9068975002538615,0.16314012882933582,0.9033020448361938,0.0019839070449754956
10,1,0.9078411413774707,0.2556196081819509,0.9034154019468935,0.002339149325087534
10,2,0.9867771884848036,0.5482718273234322,0.9076659770398448,0.002492605722994487
10,3,0.9169849644507281,0.33490007766001884,0.903908376170676,0.002593555627416861
10,4,0.9063225495536954,0.23890018157480003,0.9038755636356209,0.002462380980338232
10,5,0.8880238909224597,0.22891861047586026,0.8056417321984343,0.12055077614732321
10,6,0.9666748715352489,0.774157276929904,0.8983164694559196,0.002294168861697901
10,7,0.9083690894050493,0.25906828054877784,0.9140669628408289,0.0008970642390713153
10,8,0.8813387767661147,0.06231440620844096,0.8956508783604703,0.0034904658420764206
10,9,0.8962480498051493,0.08395694704573843,0.9210849941057574,0.002426599016306746
10,11,0.8864273180509602,0.07890039744519807,0.9043849680677671,0.002793676995218522
10,12,0.9173298709232414,0.299541844915448,0.9033470893921315,0.0016464206580705338
10,13,0.9437211007621882,0.529198553164574,0.9041198896502626,0.0020650929020549335
10,14,0.9876574672138636,0.9411782855551628,0.9056031062258667,0.0006977602998972579
10,15,0.8868522559360058,0.08324182669219676,0.9034829371020277,0.002794826051716847
10,16,0.9108121540071278,0.2601535721149771,0.9020514221443741,0.0024191325147776164
10,17,0.8850529729047119,0.07875529385999748,0.9011290297683364,0.0022950232030351644
10,18,0.9095986744063571,0.25620524357134633,0.9001108652974114,0.0026277674172285087
10,19,0.8868230277079154,0.08447842942150117,0.904072262983452,0.0026177432213716884
10,20,0.9093262273630688,0.2035045266526171,0.9058781827679524,0.0015301983344883116
10,21,0.9582893466528478,0.7049232641578429,0.9007018073315731,0.002467516992555863
10,22,1.0693205775380215,1.7236674379382322,0.9042507949169777,0.0027599013025794354
10,23,0.8888293918146382,0.06578457969150511,0.902243304478791,0.0015682515171224778
10,24,0.9070913880082893,0.18141494127574787,0.9026442875204969,0.0022573578028536245
18,1,0.9148043959974318,0.27375024450111207,0.9093385958698583,0.0033324423569171114
18,4,0.8914128894697206,0.07269395395604229,0.9054818281484089,0.0033059631570467986
18,6,0.8822822587428114,0.2348844187124761,0.9978109670279763,0.4051381140746475
18,7,1.0187464014497496,0.4602514897963851,0.9217201245618512,0.001791460667850321
18,8,0.8845431743672265,0.23798024231554976,1.0049713707645813,0.41181271408152365
18,9,0.897227085451251,0.22143244409756185,0.9136772258537275,0.003936175731264027
18,10,0.9107893740891019,0.2792876176335058,0.9004273914694643,0.0025310431229263776
18,11,0.9068628610849423,0.2225420131720963,0.9014315093280476,0.002690965918188462
18,12,0.9142198659344889,0.2783205615524971,0.8937895356494748,0.0021173984583120887
18,13,0.8963513778356237,0.17139947337853126,0.9034467891603132,0.0029320052989472126
18,14,0.9116705725744325,0.19840863295228367,0.9043308996795065,0.002963345604500335
18,15,0.9372052495207782,0.44247986589704136,0.902667910299606,0.0029650114775122195
18,16,1.003128236004306,0.3576845961716145,0.9212018086492686,0.001866814859614377
18,17,1.0875627851133667,1.8104806342318924,0.9035931002401529,0.0027460563352286666
18,19,0.8834320314524532,0.20440539807613295,0.8853053634936782,0.02968398714477381
18,20,0.8855454034947913,0.078522990140117,0.9036202545266672,0.0027911351576731585
18,21,0.9027141448385366,0.4268409739090979,0.8926494739195022,0.004102995562279612
18,22,0.8716362212064772,0.07723540886137736,0.8987193398586393,0.004176771614196085
18,23,0.8981592315874871,0.20019745635371633,0.9068826859793561,0.001976323413279302
22,1,0.8957012404455539,0.11621756418161555,0.9034486919986673,0.0028563589856230743
22,2,0.8985686086842258,0.1593474585498019,0.9038251780299795,0.0032800286651858508
22,3,0.9119169207164015,0.22325401804224862,0.9072418218199413,0.0035364575371898853
22,4,0.8955325784070576,0.09181258532851994,0.9055635237354296,0.0023019566327093146
22,5,0.9226161214847173,0.4217542556887655,0.9049952329627693,0.0025537290473110715
22,6,0.897553937097926,0.14638553963157605,0.903734163981169,0.003200039193581303
22,7,0.9890120517695097,0.9064338008647687,0.9075010368420212,0.0018889756964029093
22,8,0.9020183841985264,0.18923494272060304,0.9112081496600951,0.0022479827077978892
22,9,1.2612193853248583,3.549002565500117,0.9042329964150714,0.0027026619803866684
22,10,1.2606192790966253,3.5399143645840363,0.9042028164010276,0.0027574372544552166
22,11,0.9348688367550053,0.38539799436908323,0.9039067126356243,0.0015932474607510277
22,12,0.9110275935668548,0.20954498868973004,0.9030271203048787,0.002198643489019254
22,13,0.9297320835655664,0.27646665277398186,0.9064276658062619,0.0012176234481966262
22,14,3.8673343929966246,22.621577308666783,0.9006685896557151,0.0030592384130394812
22,15,0.8757319913670957,0.07548613706649761,0.8935800466771311,0.001768027796753535
22,16,0.887755078150093,0.03896096343833189,0.9037217695422114,0.0026335530316384023
22,17,0.8893172240488544,0.0317085203158236,0.9039646673393243,0.002635638318185864
22,18,0.8971487329620337,0.20942747515902227,0.9075112249627832,0.0019379814014399176
22,19,0.9564516240447231,0.6403734177843681,0.9047811977897771,0.0015694127754448963
22,20,0.9137648230609348,0.3015391044837534,0.9070601972226247,0.0017745672805602733
22,21,0.8853675493688563,0.07703146415106225,0.9093570712307616,0.0032658673287494205
22,23,1.7584618316506604,8.382592696664588,0.8993767438695447,0.003547838340895095
22,24,0.9397244478760088,0.33874728147176797,0.9072064993961957,0.0015315573374213652
21,1,0.915356144801157,0.217525036612613,0.9134636529251058,0.002490684709872442
21,4,0.891030524140423,0.05220733535027175,0.9075956944937151,0.0021492701047295397
21,5,0.9413123250530379,0.24515386275844214,0.909005149743765,0.0021151576115685583
21,6,0.9178891993530954,0.3109043116701677,0.9153483490136994,0.0032059385112409204
21,7,0.908306900908177,0.22864997957253377,0.9071174527124375,0.002223099252085923
21,8,0.9134987358399628,0.2770620943735326,0.9147660395653717,0.002981157603937755
21,9,0.884143982600226,0.08305139800009512,0.9021556387949748,0.001981395040577048
21,10,1.1044959617009766,2.0824661097457366,0.9013552332363098,0.0025303137895673162
21,11,1.4040113323674472,4.832969149885898,0.9088417795614131,0.002042045222265592
21,12,0.8884057722257187,0.20398241944160145,0.9136985742774154,0.0011476240049633907
21,13,0.9055764350703855,0.3347585190289166,0.9136648680989878,0.0011455516924468142
21,14,4.626959823845973,35.37917109687619,0.9041078999628233,0.002439158897504101
21,15,0.894034474479735,0.11340497890105136,0.9196492058808583,0.0019226428743563558
21,16,1.3712048587700063,4.327986119644146,0.9070733981403507,0.0021343374419809913
21,17,0.917260841355288,0.2068358794649666,0.9024729517695651,0.001884251603676274
21,18,0.9122889176533405,0.25190502533264564,0.9070747409433407,0.0022566782178950807
21,19,0.944201163343594,0.35074660745633324,0.9028855393942481,0.001793043437617429
21,20,1.0617554711677377,1.50466100301142,0.9065166493088128,0.002016114919986997
21,22,0.8850617039092837,0.07712199592455814,0.909706528577511,0.0032923998906344205
21,23,1.2857438035203597,3.8082120649858355,0.8992446114867222,0.0032199858339545077
21,24,0.9101975037401641,0.3668819532571497,0.9136911546044584,0.00114915614699731
15,1,0.8986689566585743,0.1862282604796757,0.9035396155915546,0.0024967404912140923
15,2,0.891519507854987,0.11272011524116157,0.9037240915608311,0.0033089937224325262
15,3,0.8967209676706365,0.0836266409515619,0.903953852565333,0.0027115804592804486
15,4,0.8964980251321168,0.16401713481177804,0.9037439908232986,0.002470711092077334
15,5,0.9889024708998769,0.8918859618875715,0.8743326729451073,0.003076024435252956
15,6,1.045224357319633,1.4159953081963155,0.9189437588728279,0.0030501597353912563
15,7,0.8910433357760427,0.04708030939016427,0.9026082759217342,0.002964877588198492
15,8,0.8898495102460818,0.0592207233388792,0.911258361759344,0.0033603986838281847
15,9,1.0075296255395099,0.6710258307656508,0.9185093609579609,0.002269465784971592
15,10,0.8871005838465271,0.08334728219765099,0.9034878944351842,0.002787624188851304
15,11,0.9236530239630166,0.3783735093715805,0.9016866589213517,0.0019996570096431875
15,12,0.8970935632688402,0.118621079010176,0.9023154967205435,0.002302190250042202
15,13,0.893049839497734,0.09558320687826787,0.9079802481362947,0.0015761837124378933
15,14,1.0013942153444275,0.8253341892599216,0.8819180935790154,0.0019483824485129217
15,16,0.895539306181726,0.07391154193021109,0.9004889829437764,0.0021879464941968896
15,17,0.891811460674565,0.05111437939935077,0.9045080598242567,0.0027929507955762683
15,18,0.8924295812849944,0.052066480242681484,0.902735158233926,0.003012207665390276
15,19,1.1765488300971656,2.412905457130703,0.9158694379201929,0.0018311185043924936
15,20,0.8809321845304233,0.1003243389049075,0.9033110802668454,0.002216845883168063
15,21,0.8847257194310836,0.08035859120581795,0.92216380422148,0.0018303027317633864
15,22,0.8816777243883386,0.0780121540724129,0.9007278950382684,0.0026087027444300025
15,23,0.9464753795679686,0.53556821901484,0.9008621649956422,0.0019505013655836557
15,24,0.8957810932247482,0.12114469413892162,0.9059762877370516,0.002070437435928867
4,1,0.9494955407112091,0.38802594448169697,0.9048371408864024,0.0025984113830355943
4,2,0.9500513262796798,0.41508830638972016,0.9027441769488627,0.0024341466501537033
4,3,1.039425699323247,0.8444089567805904,0.9131239262618221,0.0020114763506369642
4,5,2.4864870896597537,13.783050952985324,0.917752472073826,0.0027474824522829176
4,6,0.8886830741967797,0.08300400485865696,0.9038953181645216,0.0027238651929868455
4,7,0.8914426608218019,0.12450156666210634,0.9033553305954428,0.0027366780841171496
4,8,0.8818544017562832,0.11041092444746686,0.9026188453121566,0.0034753729158479066
4,9,2.083084458222388,9.552899052790277,0.9136782731718053,0.0019661155898618404
4,10,1.056627050423879,1.6653840484981688,0.9036864617841421,0.00242434992121413
4,11,0.8883395738112297,0.08521840181527393,0.9040867497849612,0.002742175165304695
4,12,0.9702973116756006,0.20251673751241359,0.9131183457754926,0.0019515506999206143
4,13,0.9706533764275955,0.20474608450137,0.9131249702122181,0.0019534246656427675
4,14,1.0813020604053232,1.86292331364654,0.904388893493071,0.0027729099905612234
4,15,0.8928545113280185,0.12453960128791823,0.9035840211389821,0.002463457660705566
4,16,0.9012059247129554,0.13302917476866752,0.9037789724396965,0.0019511444497351336
4,17,0.893443538352612,0.07256747835790872,0.9029618650669113,0.002530481421224373
4,18,0.8899481396343503,0.06639099810624875,0.9046323686552608,0.0034138987848894033
4,19,0.8926282889342273,0.13177978438758872,0.9042057009270295,0.0026369660938758226
4,20,0.9089721507125225,0.12785888505615645,0.9076177879819022,0.0018860072254525604
4,21,0.8920650010190229,0.052032209939146035,0.9074885111009117,0.002086274229674937
4,22,0.8896770178904179,0.1024039748461871,0.9036267545989735,0.0024289951921282133
4,23,0.9312955118963245,0.5116133537488761,0.8907896787913265,0.01160114070641135
4,24,0.943452356624285,0.18546832640792277,0.9088296031087558,0.0020559808957760846
1,2,0.9290504223392502,0.19651748003672265,0.9174176172244717,0.002863653244257064
1,3,0.9621758340688805,0.32468645838899296,0.9164336641433296,0.0029294305463197093
1,4,0.9738279805000359,0.49302113980255047,0.9055269651718184,0.0026280479755729203
1,5,0.8895514043392442,0.05151169290844458,0.904428169201235,0.002785095747426172
1,6,0.877315792337874,0.08379257660334392,0.9002655327418345,0.0021768282073224648
1,7,0.9003708747020633,0.15774337022276286,0.9032275971004787,0.0026440555696856916
1,8,0.9002855897853062,0.15141075621106023,0.9038493920743924,0.002642969366154362
1,9,0.8894738287766448,0.05151029275439688,0.9043522742156432,0.002783087318401479
1,10,0.8874301875706914,0.06981753383137602,0.9032079596799072,0.002356299077895934
1,11,0.940956244312282,0.6160529060563187,0.8951869801818986,0.0019583744971528655
1,12,1.0238897904249615,0.5823426420616916,0.9154149399345827,0.002070898808524638
1,13,1.0238049347870681,0.5816716739117668,0.9154147355024013,0.002070840619264125
1,14,0.893695134157319,0.10060025201672929,0.9028901448323158,0.0025477530721138026
1,15,0.9031147902020292,0.16654608711606073,0.9036341803571822,0.0025582418105612125
1,16,0.8915989669477921,0.0956220878019351,0.9013099644971813,0.0020781963727169958
1,17,0.8975741636308768,0.1743629713864548,0.9053653693544408,0.003867105633897774
1,18,0.9025106636969729,0.17118971168176553,0.9070312716525796,0.003650369560972422
1,19,0.9895494747182503,1.1106749810895853,0.9028481964639617,0.0029574672601010506
1,20,0.8864359139407392,0.07022930622341687,0.9037885315385119,0.0032557913636477973
1,21,1.0304390319345804,1.2650575571865694,0.9116449859942033,0.002437808214272078
1,22,0.9133024840984684,0.248102097566825,0.9074233524713112,0.0033535646517503194
1,23,0.8933444123950076,0.05090161415485136,0.9029566178411148,0.002655853315639094
1,24,0.8963221125263903,0.0888306160155072,0.9141713160111947,0.0022330646073188956
20,1,0.8879750833176543,0.0683633150541274,0.905206708490581,0.00314725434548547
20,2,0.8767066538662351,0.10744744780978963,0.9571169044667159,0.005756951573410673
20,4,0.8917515323575167,0.0795363059170098,0.9040749796800821,0.0038330787661976624
20,5,0.9131877266792973,0.27225502188821965,0.9097530773444173,0.0028793744372801
20,6,0.928396046047134,0.5266080978887547,1.1768688596576944,0.9910389056990718
20,7,0.9279050006211944,0.20705184326782922,0.9221127503707405,0.0017412814466725784
20,8,0.8802856644863909,0.21021475099115125,0.9824221219762045,0.34793630806114967
20,9,0.8952500261335948,0.1529184326255547,0.9254858901230338,0.0016199599310751558
20,10,0.8897044896394051,0.11375680187274992,0.9085782479683643,0.0020015464902347502
20,11,0.9089566973342253,0.2326342443337218,0.9040340734719479,0.0027235988134596324
20,12,0.8929640925831813,0.1349100696046531,0.903414915105794,0.0027068904394841674
20,13,0.902841662574613,0.23961726500478955,0.9039731739512983,0.0026040980748061136
20,14,0.8966407610317034,0.1882630722997952,0.9061790061046678,0.002726768831510411
20,15,1.026965104044295,1.1676678366105566,0.9049700960364131,0.0031381611414836694
20,16,0.8949823490592966,0.08121364589712439,0.9221875544922971,0.001754259406137159
20,17,0.8834168486504058,0.10433361247999595,0.9027871187653296,0.0016202208952574525
20,18,0.884618545137924,0.07810930858823628,0.902738101988363,0.002775501370527287
20,19,1.4485669732973934,5.35854118726701,0.9007914281927781,0.002457794863740403
20,21,0.9092765216248777,0.48754629657581977,0.8924851273034221,0.0038535384686238486
20,22,0.8727763588853,0.08275723997406481,0.8985353359951836,0.0039244392428787606
20,23,0.8989069366883571,0.20278467808041062,0.9063482800077218,0.0017509388661501662
20,24,0.9034888679396814,0.24747379118845036,0.9041520729823384,0.002676617709665459
2,1,0.9855147732270018,0.5046828327185058,0.9166589328418091,0.002919704007983937
2,3,0.9580788701934336,0.29563028354643206,0.9163884041559027,0.002928255231897174
2,4,0.9500853420332981,0.32784266924829125,0.9035261942115136,0.002533244669896255
2,5,0.9878762994074978,0.42043179451132157,0.9095286497458488,0.0028654701112371824
2,6,0.8812666942562518,0.08073722559367492,0.9026440658330984,0.0025655925145857783
2,7,0.8869625736175786,0.08786132507391316,0.9028301044763647,0.002741540004646072
2,8,6.387397304423047,52.16977648295498,0.9045848136286445,0.002796106602181346
2,9,0.9535504168450074,0.33431346994630523,0.909197661600125,0.002758900025086655
2,10,0.9544606570217609,0.2932517330364608,0.908318920301749,0.0024239146439473014
2,11,1.2712121650218462,3.3378820924333295,0.9010752005268187,0.002548520675885668
2,12,0.965170092502909,0.3465579929374296,0.9163705474144035,0.0029164941236633516
2,13,0.9634751061310552,0.3340995302874315,0.9163551823211471,0.00291083410403983
2,14,0.9177385871418734,0.2730651740210421,0.9032671205758974,0.002675216136234753
2,15,0.9324546394056801,0.3787223804881436,0.9029734164476161,0.0030290452108499705
2,16,0.8953286235920567,0.12210514978373802,0.8961605365845081,0.0008564791206607724
2,17,0.8919133682075838,0.09978008824197088,0.9014471767810354,0.001986474189929448
2,19,0.8862242948369469,0.0861410766273554,0.9003316810560221,0.005472707251963897
2,20,0.8805942572768845,0.2903702379948899,0.9496867156936231,0.5499265081900583
2,22,0.896672475777392,0.12085393472257235,0.9045777847803166,0.0031871418545974567
14,1,0.9033078641707761,0.1994935499106595,0.9018148646873221,0.0025678977410691336
14,2,0.8974277371120745,0.17563411329308182,0.9026757330727524,0.0025971216014984474
14,3,0.9081271820010685,0.2334853625029105,0.9020539799453733,0.0027260020762421627
14,4,0.8876574558934855,0.06458545185661363,0.9043221574994391,0.002767921980796924
14,5,0.8875410997172907,0.06460344219655842,0.9042021404842555,0.002764301799556339
14,6,0.8907513111224244,0.07325733908572665,0.9041949685825732,0.002759698330568486
14,7,0.9037951848176586,0.14956362076080765,0.9052725778145497,0.002807566059040674
14,8,0.9049490344473872,0.10168769089717707,0.9295166796173963,0.0020724630783903377
14,9,1.005944033434998,1.0475572950119827,0.9044619630479466,0.0016752572908367766
14,10,0.9299812944693742,0.4343218450015392,0.9026238620450224,0.0014619234555093392
14,11,0.9870848429542806,0.23244738281460134,0.9233785023475196,0.002052531948803845
14,12,0.8903095190715212,0.13715464122292878,0.9013565170380059,0.0024852284603800543
14,13,0.9597868347155177,0.40150360025344145,0.9097615666487672,0.000770315408158731
14,15,0.8998945972771978,0.18757075888048116,0.9033768874535032,0.0027527344255772386
14,16,0.8959625363302197,0.07616266691532272,0.9004391888388923,0.0021693506978052546
14,17,0.9094086036975042,0.20988769957164377,0.9044663884535059,0.0027896016675438688
14,18,0.8995558125726636,0.11463805081757643,0.9040949190807102,0.0029598894692327467
14,19,0.9003695842640049,0.1917542428240436,0.9033515566459218,0.00275625739247083
14,20,0.9057993367781407,0.2822871827620543,0.904870459215486,0.0025617294240205383
14,21,0.9149823799508701,0.25458133162324526,0.9049291391837145,0.0022811116539096553
14,22,0.9674383393853736,0.7752740928102788,0.921222567560697,0.003962550251511801
14,23,0.8865369261868966,0.07923502638874938,0.9044886275398835,0.0027890326910263662
14,24,0.8865363645111967,0.07905053439162504,0.9042898610694041,0.002772036329382184
5,1,0.8895536884403092,0.05130509742097498,0.9044270022614737,0.002784751364169824
5,2,1.0018544523916093,0.6683379373517183,0.9092574583518397,0.0028709855715414708
5,3,1.0602614616142538,1.1617950923607427,0.9115694726416089,0.002455995287049286
5,4,1.0782512531481192,1.2649607396627993,0.9182683122351868,0.0027004542177254225
5,6,0.8883877416406919,0.08273851399300525,0.9045461445972195,0.0027922638319964528
5,7,0.8927234337316369,0.09943916516342,0.9036422544003231,0.0027799844633081584
5,8,0.8816046537392486,0.11178774781380749,0.9024366681425756,0.0037213963047743517
5,9,0.9885006549145572,0.3301984692026369,0.9129675120969496,0.0019427689311154461
5,10,0.9802671353428092,1.0434526113511777,0.8638284752379222,0.01128395168145039
5,11,0.8883176726573809,0.08589468411322222,0.9040197039622744,0.002746031356617194
5,12,0.9656457614524613,0.1743821573133629,0.9131144424387964,0.0019629104147950317
5,13,0.9656794514302361,0.17457970359053804,0.9131152534323272,0.0019631389277108904
5,14,0.8954033831974358,0.10099716990288383,0.9043116272963289,0.0027731534809763017
5,15,0.8801537997805409,0.10571934605790542,0.8857666076213438,0.0016465412163220558
5,16,0.896784798847879,0.10583772697350503,0.9055893442953319,0.0019467777687332312
5,17,0.8856839058979977,0.10171931244616747,0.8998267015208601,0.002469426947381066
5,19,0.9506432231864166,0.24018696004689985,0.9093542475019198,0.0025216743171063904
5,20,0.8945036815995302,0.100725070126282,0.9090696976597321,0.0030405037288567184
5,21,0.9207885899706768,0.19693009013857377,0.9089390449493026,0.002215371047354371
5,22,1.003128689247549,1.1438766373531097,0.9043488244782109,0.0026564077078374444
5,23,0.9500213782585957,0.6163277143471894,0.8887269844708268,0.012760139281721728
6,1,0.872647727892228,0.08166457320446269,0.8957022489960749,0.0013678027256315915
6,2,0.8780032046541031,0.0801062900427638,0.9004278877641666,0.0022695603838012316
6,3,0.9025473406014782,0.10883057274305756,0.9058490268525436,0.0026188894182982174
6,4,0.8888457038295101,0.08299323071303887,0.9038437786373497,0.0027170909452621747
6,5,0.8884048997437359,0.08273219868693082,0.9045441006147484,0.002791934788166579
6,7,0.8865279658195206,0.09902019602668748,0.9008311517718471,0.002565439807568096
6,8,0.8864210754905639,0.08195732866687293,0.9042752479570921,0.002791277518570378
6,9,0.8896919352107758,0.08370719116892632,0.9032308339874793,0.0027620129236347346
6,10,0.8843877158735001,0.08408008821923993,0.8985847048497305,0.002645480186407564
6,11,0.888657203234819,0.08680864407532468,0.9037246906214684,0.002719078614886768
6,12,0.903823066780091,0.11745041149905805,0.9061024286022218,0.0027731178247637073
6,13,0.9033129903306851,0.11411440731932213,0.9060040502996625,0.0027169650515383075
6,14,0.9044606042357664,0.18625219668419554,0.9041355684782644,0.0027550967789145065
6,15,0.8850840868875256,0.0635621935519616,0.9270919126992312,0.005021330387991493
6,16,0.8949822322624522,0.12090050487116051,0.8958031005561949,0.0007378428367126367
6,17,0.8918556981750237,0.0940663476773211,0.9010871390145923,0.0018055112947637686
6,18,0.8875939352199819,0.2759104417158528,0.9783368606787227,0.5142931356638456
6,19,0.8864233145473588,0.08724985058450982,0.9010641824735923,0.005715714559861253
6,20,0.9372367313216261,0.7232523105705223,1.1836643528159339,1.4263750143564011
6,21,0.884398239707336,0.14208820892610646,0.8817249056171554,0.0030650273477091003
6,22,0.8969576050003574,0.12098106677298077,0.904480912732626,0.0031111209087192316
6,23,0.8925128143298039,0.1119131465407827,0.9586753836867323,0.009924683305807156
6,24,0.895581382926107,0.08990565610776602,0.9065042500189157,0.0030406677664640562
24,1,0.9795876770383298,0.39006202467033724,0.9133581228816973,0.002309734570214356
24,4,0.9576454862276016,0.16090594929434207,0.9088543221451998,0.002067660901164266
24,6,0.9048504603105451,0.1629934221807722,0.9064596489041817,0.0029225858329163116
24,7,0.8963566487984832,0.19558145193798068,0.904867222410605,0.0026959889897520224
24,8,0.883356827643171,0.05532595475418514,0.9017384722335856,0.003443758083946791
24,9,0.9002150892375053,0.14807534662450209,0.906439183549386,0.002365998486833149
24,10,0.9057994472545596,0.1577400128148144,0.9029862671702357,0.0022511424769326533
24,11,0.8860288452420026,0.02957846176147725,0.9034633474763566,0.004479945213868556
24,12,0.9157495285050937,0.23846522261204625,0.9150446858825368,0.00214897836539803
24,13,0.9176357815923152,0.21711687639934302,0.9154234833384278,0.002167662846372878
24,14,0.8865857703722272,0.07939905143401527,0.9044635471158483,0.002786594257115203
24,15,0.905005493584178,0.1624498687941049,0.9053216692008239,0.0020890234679293014
24,16,0.8974846973921694,0.20591568098613344,0.9046167041542866,0.002640724511045896
24,17,0.904303988375005,0.12132536363349498,0.9022688290901371,0.0018174104838920393
24,19,0.8967896070851404,0.10209189167210818,0.9037927091180017,0.002040386112702872
24,20,0.8956653609829651,0.18950739127918823,0.9048078392965043,0.0026445823838763495
24,21,0.8971957368102242,0.22427709146631836,0.9114013406499982,0.0012751379740335988
24,22,0.9450425391545372,0.37383342871543274,0.9059027477811716,0.0016934672673676115
24,23,0.8860835148588793,0.07917318275925096,0.9026045672839839,0.0025984756901635056
17,1,0.8956740994805148,0.3258598337159343,0.876938327576606,0.0018737538580208925
17,2,0.9393858468726715,0.4803734410844437,0.8995979058768344,0.0021283026363814713
17,3,0.8974045563192793,0.0864766339808812,0.90388394139976,0.0027166412882423125
17,4,0.8949635851156937,0.05547545421501644,0.9032660863354351,0.0025227765520723015
17,5,0.9132145100234318,0.356257607497364,0.9015782940458256,0.0026045652840235045
17,6,0.8894314938214064,0.11649059612692714,0.8978218583314324,0.0018085465281614643
17,7,0.8862862053571428,0.044794460929849546,0.8982464128833446,0.0022657259303859065
17,8,0.8771331030281101,0.07859470149447659,0.8873092800337983,0.0007892393448383165
17,9,0.8951555249629783,0.16480123960022058,0.9016720620715793,0.0024930933982400053
17,10,0.8923755283723681,0.12701709156480726,0.9015485192488931,0.002285382396859857
17,11,0.8953735226846348,0.1600776955563374,0.9020546671504591,0.0025332323302453656
17,12,1.1101766524997794,1.962491582400997,0.9033246982514378,0.0017946500308136956
17,13,0.9148112404001236,0.41428313874664546,0.8968265032036647,0.0022999174793747064
17,14,0.8962693198406811,0.05462812697057466,0.904504991251038,0.0027911001016543576
17,15,0.9011366261019434,0.11914684764645771,0.9045260073525913,0.0027936366040500963
17,16,1.527987290093119,6.0725710468514595,0.9043938708937933,0.002786991141107656
17,18,0.9029222770814981,0.17644689976203154,0.9026520558045477,0.003133208877165341
17,19,42.64853009069355,396.17690957665314,0.9045467342617907,0.002795075104627535
17,20,1.3144739056511563,2.9676170530803074,0.9070597322080701,0.0011080479300620133
17,21,0.9330721304468658,0.33398266279939415,0.9007390828665294,0.0016770506815186913
17,22,0.8919729410887822,0.03889392099584721,0.9039361047336437,0.0025409364936142347
17,23,0.8953911726396738,0.06499290286463806,0.903067487915041,0.0021627320848304045
17,24,0.8975063423415942,0.11121436717680733,0.8991668361993007,0.0015082689352518249
11,1,0.9270844617883486,0.5539768864019423,0.875050404727542,0.003513457008499167
11,2,1.0052628156496877,0.8684091796124773,0.9011586641065499,0.0025532096552512654
11,3,0.9463857201877779,0.7120374995866994,0.8754546160585761,0.0034151009684172564
11,4,0.8879933160375572,0.08273472802560777,0.9040979994954753,0.0027432372454169337
11,5,0.8879442111391392,0.08280404435944201,0.904039512386985,0.0027458869526985528
11,6,0.8883484159709027,0.08310783988062043,0.9037872796962785,0.0027254715084714877
11,7,1.228431991241968,3.267679672170584,0.9150969873658266,0.0009746374434767941
11,8,0.8945878167976598,0.07627250373852343,0.9068081550808309,0.001739338072338668
11,9,0.9045452160163302,0.2011818571674246,0.9072776740199023,0.0016940935456619536
11,10,0.8863889427394139,0.07887833931374418,0.9043515211780389,0.0027940800860440478
11,12,0.9389290386790201,0.4838431366103103,0.9043761041899749,0.0025249548373642316
11,13,0.9721062720016188,0.7466678372449882,0.9046081785765755,0.0026537018893220497
11,14,0.8893590188554241,0.08585105030871029,0.9044511923291642,0.002786068330417497
11,15,0.9230520165252808,0.40230308421206906,0.8997268094827778,0.0018470553583972385
11,16,0.913839752794058,0.2977810004713813,0.9016496525752916,0.0023431202766523735
11,17,0.8866762490321913,0.09583037588612821,0.9019364797069724,0.0025637164979427267
11,18,0.936889588975747,0.4447454291040445,0.900320953898699,0.0028990641851175704
11,19,0.9232623000549046,0.4052715345699358,0.9006009168409772,0.0019703353682024335
11,20,0.9056183778979312,0.2085635976567175,0.9051701348061146,0.002466508945895403
11,21,0.8933375708872546,0.07113676371456816,0.907956575561931,0.0021374365117056773
11,22,0.8914309405757946,0.2595335292285765,0.9012255102114604,0.0028582592460705716
11,23,0.8862435687959143,0.08169113591912783,0.9044021937194123,0.002791961696819748
11,24,0.9323649677449075,0.5097976618337252,0.8967325906956901,0.003624619718499978
8,1,0.9093473359359541,0.22823257966103302,0.9037239656675193,0.0026008767175239415
8,2,10.946519624342264,95.4210701239997,0.9045861098126031,0.002796438791609118
8,3,0.9012964351107993,0.15137837015004418,0.9064598024510858,0.002696027308268602
8,4,0.9032624130831169,0.21873528832693934,0.9057615664048745,0.0030673806791195316
8,5,0.9026422243546038,0.22019755633537927,0.9051030707198843,0.0031916695071953606
8,6,0.8874792318151203,0.0824809471864848,0.9043167337079759,0.0027731198606752005
8,7,0.8865208191097449,0.09714810971581071,0.900804300736196,0.002545055803669525
8,9,0.8865458759339548,0.0789193027964189,0.9044344948340222,0.0027869298602713525
8,10,0.883625871029717,0.07757891303323045,0.8957861499286405,0.0025663487438090356
8,11,0.8983167628578979,0.09527145671865722,0.9065482828988279,0.0019594036478221264
8,12,0.895241551367945,0.0975042127792129,0.9046335711983406,0.002288891647418482
8,13,0.8952813301236375,0.10022482626521591,0.9044982105916055,0.002331286087403063
8,14,0.9227913925889609,0.2486887024719035,0.9273341263232535,0.0015668400841627407
8,15,0.9103308651876217,0.2508084839823216,0.9120628063591888,0.00546996103947642
8,16,0.8958548623844942,0.12446440776502381,0.8962616178382059,0.0009144450571002381
8,17,0.8877304974732684,0.07340198113376625,0.8993868995861465,0.001430502983307904
8,18,0.8752862991074347,0.250333122462125,0.9282041119027432,0.4665210183410051
8,19,0.8818276548471558,0.09561684338209253,0.8951719482018446,0.024117332264676102
8,20,0.8863536148487108,0.31663373927252414,0.9741438733960841,0.6083724089682302
8,21,0.8827820478878701,0.1380636952917431,0.8800767670375184,0.004759547473852864
8,22,0.8950066164458532,0.10391259140162565,0.904513530542649,0.003021076659774648
8,23,1.1293112424719054,2.2347377516436,0.9254643664839709,0.0011981281020823353
8,24,0.8846471491848457,0.05761866989277221,0.9013340981451254,0.00323868920764812
16,1,0.9140918787165008,0.27973984086918763,0.899223339113925,0.0021739371306231936
16,2,0.8763676891762368,0.07977452589156772,0.8869071693387146,0.001044109531329571
16,3,0.903642448157761,0.22473629921560703,0.9084989614269816,0.0028643896317109376
16,4,0.8937834565637162,0.08081349878482563,0.9097528372056032,0.0018119158610466197
16,5,0.9019988890448861,0.1925444093851784,0.9060438800390261,0.002499094435419164
16,6,0.8753465790105163,0.08128207906043737,0.8839763384178149,0.002066545417334724
16,7,0.8853785912334603,0.050158679168821,0.8978295692947238,0.0022173118472790646
16,8,0.8746488266939243,0.08228083351941715,0.884360484934477,0.0019966684993519192
16,9,0.905185732156466,0.10939945836837463,0.9088786791911129,0.0013965324865077987
16,10,0.9113652446687169,0.2893279332330643,0.9018530444505205,0.002378256723872618
16,11,0.9085092637457252,0.2683996280789131,0.9015451222066119,0.0023054957470548102
16,12,0.9098619057468673,0.17070560573328356,0.9026111797633288,0.0016498815341327426
16,13,0.9230102228326756,0.3121298190426507,0.9030327792064153,0.0026576592993440905
16,14,0.8985879070995514,0.10821842051221175,0.9008915265069305,0.001995630521110819
16,15,0.8987993260013825,0.10341824844145242,0.9008535102286351,0.0018406801447431677
16,17,5.1900754624377194,40.8126864510699,0.9045237231742608,0.0027894724877839724
16,18,0.9823931394326145,0.21626549538315482,0.921150017641725,0.0018767903629735053
16,19,0.9287052439790761,0.27829768917624226,0.8966451663769517,0.0012247112676737454
16,20,0.8919824382322201,0.08012058055479718,0.920796783611442,0.0022358741927614514
16,21,0.9110771843199696,0.5201436916931451,0.8906122932693642,0.0042692217632790885
16,22,0.9099788042806674,0.2567665686981032,0.9030989356160819,0.0027828637575534865
16,23,0.9476413028134241,0.6057888400543714,0.9043131545723043,0.0023835779935493947
16,24,0.9035106465611908,0.24847073224051472,0.9042755364293701,0.002750791334728209
13,1,1.27937989839852,2.8250572646420244,0.9153396104797447,0.002069751677170287
13,2,0.9264573321016917,0.1786619140383578,0.9170906109922331,0.0028578138287591154
13,3,0.974464179642973,0.21297911198916222,0.9153256191756657,0.0020203647714838657
13,4,0.9728928366828866,0.21902600135143385,0.9131308458884695,0.0019491144715418091
13,5,0.9675592701736275,0.18578144744012084,0.9131230023030336,0.0019582721517864515
13,6,0.909077256028338,0.19882680740824984,0.9056868020665404,0.002766919239195228
13,7,0.902371691932916,0.08414816703969101,0.9075953040164155,0.0020983009352361992
13,8,0.8925957895202664,0.07911776695741847,0.9043572644437142,0.0023468471540183055
13,9,0.8878238488736891,0.0511495186983082,0.9028117246793349,0.0028658235447486698
13,10,0.9046859679416381,0.22356030602134258,0.9035488324890295,0.0018841366855275664
13,11,0.9135308879126269,0.2766783040351011,0.9045185515583846,0.0027188358191727463
13,12,1.0163001468703634,0.37301818828883854,0.9265362821815766,0.016377122514381663
13,14,0.9175772110834679,0.15600933252080773,0.9087483186147128,0.0008954994894453531
13,15,0.897436171794196,0.09500307686143837,0.9070709941574734,0.0016270539789103463
13,16,0.8802629680420997,0.056141446246304474,0.904008732752205,0.0043581843251975635
13,17,0.909399549614097,0.28257314903894587,0.9001712186560915,0.002527272348894303
13,18,0.8861159704075479,0.05486574391123647,0.9033436506316369,0.0028977386980796006
13,19,0.8950484790230635,0.08429016218857369,0.906747937810107,0.0020876472185713197
13,20,0.8893339641363396,0.12096653132064941,0.9040688348097312,0.0025582102364573416
13,21,0.9039134806391286,0.22991910000963478,0.9113617658969234,0.0012584569995923818
13,22,0.9222065998571377,0.2157950440693315,0.9053427519651277,0.0014458311350377076
13,23,1.0960486148905675,1.6000071585075546,0.9039592387624455,0.002758059961057296
13,24,0.8770033969587566,0.08093822904089067,0.8921000693453537,0.001724101325198467
9,1,1.0458239634901334,0.9613720350912138,0.9108266009589185,0.002647144957272607
9,2,0.9938481822587757,0.6248235453418142,0.9082336385627627,0.0028502158827949176
9,3,2.588731721480428,13.845132302082838,0.9136534485760737,0.0019800188786898926
9,4,0.9585705420513833,0.12962508152512248,0.9136737640669202,0.0019600561506129856
9,5,0.9486086244216254,0.1848026733795355,0.913071441866947,0.0019239599404395832
9,6,0.8854484080264778,0.07785953789821984,0.902686307834546,0.0027242218776762253
9,7,0.8855658074935847,0.06434360246070335,0.9027090009350641,0.002760345659740451
9,8,0.8865490052751922,0.07894076302322357,0.9044545513583063,0.002789040639755974
9,10,0.8920442269084752,0.0826015960833928,0.9184682452868511,0.003210396731131293
9,11,0.9234050926330499,0.34196453020423967,0.9082897722214861,0.0017036488202960564
9,12,0.8875144658221059,0.050681530640442646,0.9025654121728334,0.002867410739063175
9,13,0.8875015410122219,0.05069622566701245,0.9025757081380177,0.0028725524645437503
9,14,0.9228471396709184,0.2780495898122774,0.9048010863809349,0.0015307690729252834
9,15,0.9525163063439439,0.13499164166594022,0.9175920930566306,0.0023680299472525934
9,16,0.9020638882518632,0.08985362187879009,0.9064652417544103,0.0014741346350793452
9,17,0.8844865972905459,0.08271062743204968,0.9010603897967087,0.002454988805590105
9,18,0.8835459339709801,0.06682881383733712,0.9144292723379217,0.003582488871452561
9,19,0.8862259302584524,0.08227748555964898,0.904358153665913,0.002822180748909367
9,20,0.8885535690443899,0.09432634387764126,0.9261423956037039,0.0017720193562092183
9,21,3.150480037591959,21.514012329544766,0.9017850188452846,0.0031651462998909478
9,22,1.0763429344679016,1.7901382045410963,0.9039885484214345,0.002698704125906866
9,23,0.9063296782200827,0.28006949716796986,0.9043945503277274,0.0021768371239388714
9,24,0.8928173230357588,0.08009249931104308,0.9064146715240586,0.0023584620322497354
